SKU,stock,price,msrp,rebate,sale,name,brand,category,form factor,CPU,RAM,DDR,storage,OS,GPU,VRAM,screen res.,screen type,WiFi,keyboard,touch,ethernet,release year,warranty,warranty desc.,type,CPU score,score,url,updated,discovered,scanned
12LN000BUS,1947,927.0,1049.0,125.0,122.0,ThinkCentre neo 50q Gen 4,Lenovo,Desktop Computer,Tiny,Intel Core i5-13420H,0,DDR4,256,Windows,Integrated,N/A,N/A,N/A,Yes,English,N/A,N/A,2023,1 Year,"1-year, Onsite",desktop,0,N/A,https://www.directdial.com/ca/item/lenovo-thinkcentre-neo-50q-gen-4-12ln000bus-desktop-computer/12ln000bus,09/15/2024,09/17/2024,1
12LN000CUS,991,845.0,969.0,125.0,124.0,ThinkCentre neo 50q Gen 4,Lenovo,Desktop Computer,Tiny,Intel Core i5-13420H,0,DDR4,256,Windows,Integrated,N/A,N/A,N/A,Yes,English,N/A,N/A,2023,1 Year,"1-year, Onsite",desktop,,N/A,https://www.directdial.com/ca/item/lenovo-thinkcentre-neo-50q-gen-4-12ln000cus-desktop-computer/12ln000cus,09/15/2024,09/17/2024,1
11JN002RUS,272,1273.0,1349.0,75.0,76.0,ThinkCentre M75q Gen 2,Lenovo,Desktop Computer,Tiny,AMD Ryzen 7 PRO 5750GE,0,DDR4,512,Windows,Integrated,N/A,N/A,N/A,Yes,English,N/A,N/A,N/A,3 Year,N/A,desktop,,N/A,https://www.directdial.com/ca/item/lenovo-thinkcentre-m75q-gen-2-11jn002rus-desktop-computer/11jn002rus,09/15/2024,09/17/2024,1
12E3004YUS,258,1275.0,1269.0,0.0,0,ThinkCentre M70q Gen 4,Lenovo,Desktop Computer,Tiny,Intel Core i5-13400T,0,DDR4,512,Windows,Integrated,N/A,N/A,N/A,Yes,English,N/A,N/A,2023,3 Year,"3-year, Onsite",desktop,,N/A,https://www.directdial.com/ca/item/lenovo-thinkcentre-m70q-gen-4-12e3004yus-desktop-computer/12e3004yus,09/15/2024,09/17/2024,1
11JN002PUS,428,1039.0,1049.0,25.0,0,ThinkCentre M75q Gen 2,Lenovo,Desktop Computer,Tiny,AMD Ryzen 5 PRO 5650GE,0,DDR4,256,Windows,Integrated,N/A,N/A,N/A,Yes,English,N/A,N/A,N/A,3 Year,N/A,desktop,,N/A,https://www.directdial.com/ca/item/lenovo-thinkcentre-m75q-gen-2-11jn002pus-desktop-computer/11jn002pus,09/15/2024,09/17/2024,1
11T8001CUS,17,1730.0,1749.0,25.0,0,ThinkCentre M70s Gen 3,Lenovo,Desktop Computer,SFF,Intel Core i7-12700,0,DDR4,512,Windows,Integrated,N/A,N/A,N/A,No,English,N/A,N/A,N/A,3 Year,N/A,desktop,,N/A,https://www.directdial.com/ca/item/lenovo-thinkcentre-m70s-gen-3-11t8001cus-desktop-computer/11t8001cus,09/15/2024,09/17/2024,1
11JN0089US,204,1100.0,1149.0,50.0,49.0,ThinkCentre M75q Gen 2,Lenovo,Desktop Computer,Tiny,AMD Ryzen 5 PRO 5650GE,0,DDR4,256,Windows,Integrated,N/A,N/A,N/A,Yes,English,N/A,N/A,N/A,3 Year,"3-year, Onsite",desktop,,N/A,https://www.directdial.com/ca/item/lenovo-thinkcentre-m75q-gen-2-11jn0089us-desktop-computer/11jn0089us,09/15/2024,09/17/2024,1
12E30000US,718,1375.0,1589.0,200.0,214.0,ThinkCentre M70q Gen 4,Lenovo,Desktop Computer,N/A,Intel Core i7-13700T,0,N/A,512,Windows,Integrated,N/A,N/A,N/A,Yes,N/A,N/A,N/A,N/A,3 Year,3YR Premier NBD,desktop,,N/A,https://www.directdial.com/ca/item/lenovo-thinkcentre-m70q-gen-4-12e30000us-tiny-desktop-computer/12e30000us,09/15/2024,09/17/2024,1
12JF0002US,562,1088.0,1109.0,25.0,21.0,ThinkCentre neo 50s Gen 4,Lenovo,Desktop Computer,SFF,Intel Core i5-13400,0,DDR4,256,Windows,Integrated,N/A,N/A,N/A,Yes,English,N/A,N/A,2023,3 Year,"Base Warranty 1-year, OnsiteIncluded Upgrade 3Y Onsite upgrade from 1Y Onsite",desktop,,N/A,https://www.directdial.com/ca/item/lenovo-thinkcentre-neo-50s-gen-4-12jf0002us-desktop-computer/12jf0002us,09/15/2024,09/17/2024,1
W1JF2,1,1944.0,3208.24,0.0,1000.0,OptiPlex 7000 7010,Dell,Desktop Computer,N/A,Intel Core i7-13700,0,DDR5,512,Windows,Integrated,N/A,N/A,N/A,No,English,N/A,N/A,2023,3 Year,3Y Basic Onsite Service with Hardware Support-Disti SnS,desktop,,N/A,https://www.directdial.com/ca/item/dell-optiplex-7000-7010-desktop-computer/w1jf2,09/15/2024,09/17/2024,1
12E30001US,296,1199.0,1249.0,50.0,50.0,ThinkCentre M70q Gen 4,Lenovo,Desktop Computer,Tiny,N/A,0,N/A,0,N/A,N/A,N/A,N/A,N/A,N/A,N/A,N/A,N/A,N/A,N/A,N/A,desktop,,N/A,https://www.directdial.com/ca/item/lenovo-thinkcentre-m70q-gen-4-12e30001us-desktop-computer/12e30001us,09/15/2024,09/17/2024,1
12LN000CCA,344,845.0,969.0,125.0,124.0,ThinkCentre neo 50q Gen 4,Lenovo,Desktop Computer,Tiny,Intel Core i5-13420H,0,DDR4,256,Windows,Integrated,N/A,N/A,N/A,Yes,French,N/A,N/A,2023,1 Year,"1-year, Onsite",desktop,,N/A,https://www.directdial.com/ca/item/lenovo-thinkcentre-neo-50q-gen-4-12ln000cca-desktop-computer/12ln000cca,09/15/2024,09/17/2024,1
12LN000BCA,188,927.0,1049.0,125.0,122.0,ThinkCentre neo 50q Gen 4,Lenovo,Desktop Computer,Tiny,Intel Core i5-13420H,0,DDR4,256,Windows,Integrated,N/A,N/A,N/A,Yes,French,N/A,N/A,2023,1 Year,"1-year, Onsite",desktop,,N/A,https://www.directdial.com/ca/item/lenovo-thinkcentre-neo-50q-gen-4-12ln000bca-desktop-computer/12ln000bca,09/15/2024,09/17/2024,1
11U10054US,6,1366.0,1419.0,0.0,53.0,ThinkCentre M80q Gen 3,Lenovo,Desktop Computer,Tiny,Intel Core i5-12500T,0,DDR5,256,Windows,Integrated,N/A,N/A,N/A,Yes,English,N/A,N/A,N/A,3 Year,"3-year, Onsite",desktop,,N/A,https://www.directdial.com/ca/item/lenovo-thinkcentre-m80q-gen-3-11u10054us-desktop-computer/11u10054us,09/15/2024,09/17/2024,1
83Q58UT#ABA,30,1199.0,1169.0,0.0,0,Pro Mini Pro Mini 400 G9,HP,Desktop Computer,Tiny,Intel Core i5-12500T,0,DDR4,256,Windows,Integrated,N/A,N/A,N/A,Yes,English,N/A,N/A,N/A,N/A,N/A,desktop,,N/A,https://www.directdial.com/ca/item/hp-pro-mini-pro-mini-400-g9-desktop-computer/83q58ut-aba,09/15/2024,09/17/2024,1
82J72UT#ABA,22,1515.0,1499.0,0.0,0,Elite Mini 800 G9,HP,Desktop Computer,Tiny,Intel Core i5-12500T,0,DDR5,256,Windows,Integrated,N/A,N/A,N/A,Yes,English,N/A,N/A,N/A,N/A,N/A,desktop,,N/A,https://www.directdial.com/ca/item/hp-elite-mini-800-g9-desktop-computer/82j72ut-aba,09/15/2024,09/17/2024,1
11T300C9US,10,1316.0,1309.0,0.0,0,ThinkCentre M70q Gen 3,Lenovo,Desktop Computer,Tiny,Intel Core i5-12400T,0,DDR4,512,Windows,Integrated,N/A,N/A,N/A,Yes,English,N/A,N/A,2023,3 Year,"Base Warranty: 3-year, Onsite",desktop,,N/A,https://www.directdial.com/ca/item/lenovo-thinkcentre-m70q-gen-3-11t300c9us-desktop-computer/11t300c9us,09/15/2024,09/17/2024,1
0HNFM,40,1740.0,2877.37,86.0,1000.0,OptiPlex 7000 7010,Dell,Desktop Computer,Tiny,Intel Core i7-13700T,0,DDR5,512,Windows,Integrated,N/A,N/A,N/A,Yes,English,N/A,N/A,2023,3 Year,3Y Basic Onsite Service with Hardware Support-Disti SnS,desktop,,N/A,https://www.directdial.com/ca/item/dell-optiplex-7000-7010-desktop-computer/0hnfm,09/15/2024,09/17/2024,1
11R8001XUS,32,1068.0,1089.0,25.0,21.0,ThinkCentre M75s Gen 2,Lenovo,Desktop Computer,SFF,AMD Ryzen 5 PRO 5650G,0,DDR4,256,Windows,Integrated,N/A,N/A,N/A,No,English,N/A,N/A,N/A,3 Year,N/A,desktop,,N/A,https://www.directdial.com/ca/item/lenovo-thinkcentre-m75s-gen-2-11r8001xus-desktop-computer/11r8001xus,09/15/2024,09/17/2024,1
0F859,32,1785.0,2952.95,89.0,1000.0,OptiPlex 7000 7010 Plus,Dell,Desktop Computer,SFF,Intel Core i7-13700,0,DDR5,512,Windows,Integrated,N/A,N/A,N/A,No,English,N/A,N/A,2023,3 Year,3Y Basic Onsite Service with Hardware Support-Disti SnS,desktop,,N/A,https://www.directdial.com/ca/item/dell-optiplex-7000-7010-plus-desktop-computer/0f859,09/15/2024,09/17/2024,1
11T3000RUS,10,1629.0,1649.0,0.0,20.0,ThinkCentre M70q Gen 3,Lenovo,Desktop Computer,Tiny,Intel Core i7-12700T,0,DDR4,512,Windows,Integrated,N/A,N/A,N/A,Yes,English,N/A,N/A,N/A,3 Year,N/A,desktop,,N/A,https://www.directdial.com/ca/item/lenovo-thinkcentre-m70q-gen-3-11t3000rus-desktop-computer/11t3000rus,09/15/2024,09/17/2024,1
12E30001CA,247,1199.0,1249.0,50.0,50.0,ThinkCentre M70q Gen 4,Lenovo,Desktop Computer,N/A,Intel Core i5-13400T,0,N/A,256,Windows,Integrated,N/A,N/A,N/A,Yes,N/A,N/A,N/A,N/A,3 Year,3 Year On-site,desktop,,N/A,https://www.directdial.com/ca/item/lenovo-thinkcentre-m70q-gen-4-12e30001ca-desktop-computer/12e30001ca,09/15/2024,09/17/2024,1
89M64UT#ABA,21,1134.0,1339.0,200.0,205.0,Pro Mini 400 G9,HP,Desktop Computer,Tiny,Intel Core i5-13500T,0,DDR4,256,Windows,Integrated,N/A,N/A,N/A,Yes,English,N/A,N/A,N/A,N/A,N/A,desktop,,N/A,https://www.directdial.com/ca/item/hp-pro-mini-400-g9-desktop-computer/89m64ut-aba,09/15/2024,09/17/2024,1
83Q63UT#ABA,1,1343.0,1309.0,0.0,0, Pro SFF 400 G9,HP,Desktop Computer,SFF,Intel Core i5-12500,0,DDR4,512,Windows,Integrated,N/A,N/A,N/A,N/A,English,N/A,N/A,2023,3 Year,N/A,desktop,,N/A,https://www.directdial.com/ca/item/hp-pro-sff-400-g9-desktop-computer/83q63ut-aba,09/15/2024,09/17/2024,1
12E30000CA,24,1541.0,1589.0,50.0,48.0,ThinkCentre M70q Gen 4,Lenovo,Desktop Computer,Tiny,Intel Core i7-13700T,0,DDR4,512,Windows,Integrated,N/A,N/A,N/A,Yes,French,N/A,N/A,2023,3 Year,"Base Warranty 3-year, OnsiteIncluded Upgrade 3Y Premier Support Upgrade from 3Y Onsite",desktop,,N/A,https://www.directdial.com/ca/item/lenovo-thinkcentre-m70q-gen-4-12e30000ca-desktop-computer/12e30000ca,09/15/2024,09/17/2024,1
12E90013US,30,1482.0,1509.0,0.0,27.0,ThinkCentre M80q Gen 4,Lenovo,Desktop Computer,Tiny,Intel Core i5-13500T,0,DDR5,512,Windows,Integrated,N/A,N/A,N/A,Yes,English,N/A,N/A,2023,3 Year,"3-year, Onsite",desktop,,N/A,https://www.directdial.com/ca/item/lenovo-thinkcentre-m80q-gen-4-12e90013us-desktop-computer/12e90013us,09/15/2024,09/17/2024,1
MWP91,33,1143.0,1787.32,0.0,644.0,OptiPlex,Dell,Desktop Computer,Tiny,Intel Core i5-13500T,0,DDR4,256,Windows,Integrated,N/A,N/A,N/A,Yes,English (US),N/A,N/A,2023,3 Year,3 Years Hardware Service with Onsite-Disti SNS,desktop,,N/A,https://www.directdial.com/ca/item/dell-optiplex-desktop-computer/mwp91,09/15/2024,09/17/2024,1
12JF0002CA,114,1088.0,1109.0,25.0,21.0,ThinkCentre neo 50s Gen 4,Lenovo,Desktop Computer,SFF,Intel Core i5-13400,0,DDR4,256,Windows,Integrated,N/A,N/A,N/A,Yes,French,N/A,N/A,2023,3 Year,"Base Warranty 1-year, OnsiteIncluded Upgrade 3Y Onsite upgrade from 1Y Onsite",desktop,,N/A,https://www.directdial.com/ca/item/lenovo-thinkcentre-neo-50s-gen-4-12jf0002ca-desktop-computer/12jf0002ca,09/15/2024,09/17/2024,1
11R8004GUS,65,1398.0,1419.0,25.0,21.0,ThinkCentre M75s Gen 2,Lenovo,Desktop Computer,SFF,AMD Ryzen 7 PRO 5750G,0,DDR4,512,Windows,Integrated,N/A,N/A,N/A,No,English,N/A,N/A,2023,3 Year,"3-year, Onsite3Y Premier Support Upgrade from 3Y Onsite",desktop,,N/A,https://www.directdial.com/ca/item/lenovo-thinkcentre-m75s-gen-2-11r8004gus-desktop-computer/11r8004gus,09/15/2024,09/17/2024,1
12E30003US,85,1100.0,1149.0,50.0,49.0,ThinkCentre M70q Gen 4,Lenovo,Desktop Computer,N/A,Intel Core i5-13400T,0,N/A,256,Windows,Integrated,N/A,N/A,N/A,Yes,N/A,N/A,N/A,N/A,3 Year,3 Year On-site,desktop,,N/A,https://www.directdial.com/ca/item/lenovo-thinkcentre-m70q-gen-4-12e30003us-desktop-computer/12e30003us,09/15/2024,09/17/2024,1
M4FPX,14,1643.0,2570.7,0.0,928.0,OptiPlex 7000 7010,Dell,Desktop Computer,SFF,Intel Core i5-13500,0,DDR5,512,Windows,Integrated,N/A,N/A,N/A,No,English,N/A,N/A,2023,3 Year,3Y Basic Onsite Service with Hardware Support-Disti SnS,desktop,,N/A,https://www.directdial.com/ca/item/dell-optiplex-7000-7010-desktop-computer/m4fpx,09/15/2024,09/17/2024,1
RWWW1,9,1046.0,1726.42,60.0,680.0,OptiPlex 7000 7010,Dell,Desktop Computer,Tiny,Intel Core i5-13500T,0,DDR4,256,Windows,Integrated,N/A,N/A,N/A,No,English (US),N/A,N/A,2023,3 Year,3 Years Hardware Service with Onsite-Disti SNS,desktop,,N/A,https://www.directdial.com/ca/item/dell-optiplex-7000-7010-desktop-computer/rwww1,09/15/2024,09/17/2024,1
86Y55UT#ABA,7,1575.0,1559.0,0.0,0,Elite Mini 800 G9,HP,Desktop Computer,Tiny,Intel Core i5-13500T,0,DDR5,512,Windows,Integrated,N/A,N/A,N/A,Yes,English,N/A,N/A,N/A,N/A,N/A,desktop,,N/A,https://www.directdial.com/ca/item/hp-elite-mini-800-g9-desktop-computer/86y55ut-aba,09/15/2024,09/17/2024,1
89M72UT#ABA,23,1154.0,1359.0,200.0,205.0,N/A,HP,N/A,N/A,N/A,0,N/A,0,N/A,N/A,N/A,N/A,N/A,N/A,N/A,N/A,N/A,N/A,N/A,N/A,desktop,,N/A,https://www.directdial.com/ca/item/hp-pro-400-g9-desktop-computer/89m72ut-aba,09/15/2024,09/17/2024,1
11TG000AUS,35,1848.0,1939.0,50.0,91.0,ThinkCentre M80s Gen 3,Lenovo,Desktop Computer,SFF,Intel Core i7-12700,0,DDR5,512,Windows,Integrated,N/A,N/A,N/A,N/A,English (US),N/A,N/A,N/A,3 Year,N/A,desktop,,N/A,https://www.directdial.com/ca/item/lenovo-thinkcentre-m80s-gen-3-11tg000aus-desktop-computer/11tg000aus,09/15/2024,09/17/2024,1
12DN0010US,68,1828.0,1819.0,0.0,0,ThinkCentre M70s Gen 4,Lenovo,Desktop Computer,SFF,Intel Core i7-13700,0,DDR4,512,Windows,Integrated,N/A,N/A,N/A,Yes,English,N/A,N/A,N/A,3 Year,"3-year, Onsite3Y Premier Support Upgrade from 3Y Onsite",desktop,,N/A,https://www.directdial.com/ca/item/lenovo-thinkcentre-m70s-gen-4-12dn0010us-desktop-computer/12dn0010us,09/15/2024,09/17/2024,1
89M73UT#ABA,1,1553.0,1729.0,200.0,176.0,Pro 400 G9,HP,Desktop Computer,SFF,Intel Core i7-13700,0,DDR4,512,Windows,Integrated,N/A,N/A,N/A,N/A,English,N/A,N/A,N/A,N/A,N/A,desktop,,N/A,https://www.directdial.com/ca/item/hp-pro-400-g9-desktop-computer/89m73ut-aba,09/15/2024,09/17/2024,1
86Y62UT#ABA,1,1853.0,2269.0,400.0,416.0,Elite Mini 800 G9,HP,Desktop Computer,Tiny,Intel Core i7-13700T,0,DDR5,512,Windows,Integrated,N/A,N/A,N/A,Yes,English,N/A,N/A,N/A,N/A,N/A,desktop,,N/A,https://www.directdial.com/ca/item/hp-elite-mini-800-g9-desktop-computer/86y62ut-aba,09/15/2024,09/17/2024,1
89M62UT#ABA,39,1043.0,1249.0,200.0,206.0,Pro Mini 400 G9,HP,Desktop Computer,Tiny,Intel Core i5-13500T,0,DDR4,256,Windows,Integrated,N/A,N/A,N/A,Yes,English,N/A,N/A,N/A,N/A,N/A,desktop,,N/A,https://www.directdial.com/ca/item/hp-pro-mini-400-g9-desktop-computer/89m62ut-aba,09/15/2024,09/17/2024,1
11U5006CUS,76,1813.0,1959.0,100.0,146.0,ThinkCentre M90q Gen 3,Lenovo,Desktop Computer,Tiny,Intel Core i7-12700T,0,DDR5,512,Windows,Integrated,N/A,N/A,N/A,Yes,English,N/A,N/A,2023,3 Year,"3-year, Onsite3Y Premier Support Upgrade from 3Y Onsite",desktop,,N/A,https://www.directdial.com/ca/item/lenovo-thinkcentre-m90q-gen-3-11u5006cus-desktop-computer/11u5006cus,09/15/2024,09/17/2024,1
89M69UT#ABA,9,1303.0,1269.0,0.0,0,Pro 400 G9,HP,Desktop Computer,SFF,Intel Core i5-13500,0,DDR4,256,Windows,Integrated,N/A,N/A,N/A,N/A,English,N/A,N/A,N/A,N/A,N/A,desktop,,N/A,https://www.directdial.com/ca/item/hp-pro-400-g9-desktop-computer/89m69ut-aba,09/15/2024,09/17/2024,1
12JF0000US,189,1039.0,1049.0,25.0,0,ThinkCentre neo 50s Gen 4,Lenovo,Desktop Computer,SFF,Intel Core i5-13400,0,DDR4,256,Windows,Integrated,N/A,N/A,N/A,Yes,English,N/A,N/A,N/A,1 Year,"1-year, Onsite3Y Onsite upgrade from 1Y Onsite",desktop,,N/A,https://www.directdial.com/ca/item/lenovo-thinkcentre-neo-50s-gen-4-12jf0000us-desktop-computer/12jf0000us,09/15/2024,09/17/2024,1
12E3004YCA,22,1243.0,1269.0,0.0,26.0,ThinkCentre M70q Gen 4,Lenovo,Desktop Computer,Tiny,Intel Core i5-13400T,0,DDR4,512,Windows,Integrated,N/A,N/A,N/A,Yes,French,N/A,N/A,2023,3 Year,"3-year, Onsite",desktop,,N/A,https://www.directdial.com/ca/item/lenovo-thinkcentre-m70q-gen-4-12e3004yca-desktop-computer/12e3004yca,09/15/2024,09/17/2024,1
89M75UT#ABA,5,1444.0,1429.0,0.0,0,Pro 400 G9,HP,Desktop Computer,SFF,Intel Core i5-13500,0,DDR4,512,Windows,Integrated,N/A,N/A,N/A,N/A,English,N/A,N/A,N/A,N/A,N/A,desktop,,N/A,https://www.directdial.com/ca/item/hp-pro-400-g9-desktop-computer/89m75ut-aba,09/15/2024,09/17/2024,1
12E30003CA,2,1100.0,1149.0,50.0,49.0,ThinkCentre M70q Gen 4,Lenovo,Desktop Computer,N/A,Intel Core i5-13400T,0,N/A,256,Windows,Integrated,N/A,N/A,N/A,Yes,N/A,N/A,N/A,N/A,3 Year,3 Year On-site,desktop,,N/A,https://www.directdial.com/ca/item/lenovo-thinkcentre-m70q-gen-4-12e30003ca-desktop-computer/12e30003ca,09/15/2024,09/17/2024,1
86Y65UT#ABA,49,1185.0,1499.0,300.0,314.0,Elite Mini 600 G9,HP,Desktop Computer,Tiny,Intel Core i5-13500T,0,DDR5,256,Windows,Integrated,N/A,N/A,N/A,Yes,English,N/A,N/A,N/A,N/A,N/A,desktop,,N/A,https://www.directdial.com/ca/item/hp-elite-mini-600-g9-desktop-computer/86y65ut-aba,09/15/2024,09/17/2024,1
9C428AW#ABA,146,1750.0,1986.95,0.0,237.0,Mini Conference G9,HP,Desktop Computer,Tiny,Intel Core i7-12700T,0,DDR5,256,Windows,Integrated,N/A,N/A,N/A,Yes,N/A,N/A,N/A,N/A,N/A,N/A,desktop,,N/A,https://www.directdial.com/ca/item/hp-mini-conference-g9-desktop-computer/9c428aw-aba,09/15/2024,09/17/2024,1
12E90003US,45,1855.0,1889.0,0.0,34.0,ThinkCentre M80q Gen 4,Lenovo,Desktop Computer,Tiny,Intel Core i7-13700T,0,DDR5,512,Windows,Integrated,N/A,N/A,N/A,Yes,English,N/A,N/A,2023,3 Year,N/A,desktop,,N/A,https://www.directdial.com/ca/item/lenovo-thinkcentre-m80q-gen-4-12e90003us-desktop-computer/12e90003us,09/15/2024,09/17/2024,1
12DN0014US,208,1426.0,1419.0,0.0,0,ThinkCentre M70s Gen 4,Lenovo,Desktop Computer,SFF,Intel Core i5-13400,0,DDR4,256,Windows,Integrated,N/A,N/A,N/A,Yes,English,N/A,N/A,2023,3 Year,"Base Warranty 3-year, Onsite",desktop,,N/A,https://www.directdial.com/ca/item/lenovo-thinkcentre-m70s-gen-4-12dn0014us-desktop-computer/12dn0014us,09/15/2024,09/17/2024,1
12E90001US,83,1442.0,1469.0,0.0,27.0,ThinkCentre M80q Gen 4,Lenovo,Desktop Computer,Tiny,Intel Core i5-13500T,0,DDR5,256,Windows,Integrated,N/A,N/A,N/A,Yes,English,N/A,N/A,2023,3 Year,"3-year, Onsite",desktop,,N/A,https://www.directdial.com/ca/item/lenovo-thinkcentre-m80q-gen-4-12e90001us-desktop-computer/12e90001us,09/15/2024,09/17/2024,1
89M65UT#ABC,2,1346.0,1549.0,200.0,203.0,Pro Mini 400 G9,HP,Desktop Computer,Tiny,Intel Core i7-13700T,0,DDR4,256,Windows,Integrated,N/A,N/A,N/A,Yes,French,N/A,N/A,N/A,N/A,N/A,desktop,,N/A,https://www.directdial.com/ca/item/hp-pro-mini-400-g9-desktop-computer/89m65ut-abc,09/15/2024,09/17/2024,1
11TG000ACA,14,1848.0,1939.0,0.0,91.0,ThinkCentre M80s Gen 3,Lenovo,Desktop Computer,SFF,Intel Core i7-12700,0,DDR5,512,Windows,Integrated,N/A,N/A,N/A,No,French,N/A,N/A,N/A,3 Year,N/A,desktop,,N/A,https://www.directdial.com/ca/item/lenovo-thinkcentre-m80s-gen-3-11tg000aca-desktop-computer/11tg000aca,09/15/2024,09/17/2024,1
T3TYP,29,978.0,1616.67,60.0,639.0,OptiPlex 7000 7010,Dell,Desktop Computer,Tiny,Intel Core i3-13100T,0,DDR4,256,Windows,Integrated,N/A,N/A,N/A,Yes,English (US),N/A,N/A,N/A,3 Year,3 Years Hardware Service with Onsite-Disti SNS,desktop,,N/A,https://www.directdial.com/ca/item/dell-optiplex-7000-7010-desktop-computer/t3typ,09/15/2024,09/17/2024,1
YNHFW,11,1637.0,2707.22,81.0,1000.0,OptiPlex 7000 7010 Plus,Dell,Desktop Computer,SFF,Intel Core i7-13700,0,DDR5,256,Windows,Integrated,N/A,N/A,N/A,No,English,N/A,N/A,2023,3 Year,3Y Basic Onsite Service with Hardware Support-Disti SnS,desktop,,N/A,https://www.directdial.com/ca/item/dell-optiplex-7000-7010-plus-desktop-computer/ynhfw,09/15/2024,09/17/2024,1
11JN0093CA,11,1273.0,1349.0,75.0,76.0,ThinkCentre M75q Gen 2,Lenovo,Desktop Computer,Tiny,AMD Ryzen 7 PRO 5750GE,0,DDR4,512,Windows,Integrated,N/A,N/A,N/A,Yes,French,N/A,N/A,2023,3 Year,"3-year, Onsite",desktop,,N/A,https://www.directdial.com/ca/item/lenovo-thinkcentre-m75q-gen-2-11jn0093ca-desktop-computer/11jn0093ca,09/15/2024,09/17/2024,1
11JN0092CA,25,1039.0,1049.0,25.0,0,ThinkCentre M75q Gen 2,Lenovo,Desktop Computer,Tiny,AMD Ryzen 5 PRO 5650GE,0,DDR4,256,Windows,Integrated,N/A,N/A,N/A,Yes,French,N/A,N/A,2023,3 Year,"3-year, Onsite",desktop,,N/A,https://www.directdial.com/ca/item/lenovo-thinkcentre-m75q-gen-2-11jn0092ca-desktop-computer/11jn0092ca,09/15/2024,09/17/2024,1
283H9,24,1409.0,2324.97,0.0,916.0,OptiPlex 7000 7010,Dell,Desktop Computer,SFF,Intel Core i5-13500,0,DDR5,256,Windows,Integrated,N/A,N/A,N/A,No,English,N/A,N/A,2023,3 Year,3Y Basic Onsite Service with Hardware Support-Disti SnS,desktop,,N/A,https://www.directdial.com/ca/item/dell-optiplex-7000-7010-desktop-computer/283h9,09/15/2024,09/17/2024,1
0JDJ9,1,1861.0,2911.78,0.0,1000.0,OptiPlex 7000 7010,Dell,Desktop Computer,SFF,Intel Core i7-13700,0,DDR5,512,Windows,Integrated,N/A,N/A,N/A,No,English,N/A,N/A,2023,3 Year,3Y Basic Onsite Service with Hardware Support-Disti SnS,desktop,,N/A,https://www.directdial.com/ca/item/dell-optiplex-7000-7010-desktop-computer/0jdj9,09/15/2024,09/17/2024,1
9P2W8AT#ABC,3,1108.0,1079.0,0.0,0,Pro 400 G9,HP,Desktop Computer,SFF,Intel Core i5-12500,0,DDR4,512,Windows,Integrated,N/A,N/A,N/A,N/A,French,N/A,N/A,N/A,1 Year,"1 year (1/1/1) limited warranty includes 1 year of parts, labor and on-site repair.",desktop,,N/A,https://www.directdial.com/ca/item/hp-pro-400-g9-desktop-computer/9p2w8at-abc,09/15/2024,09/17/2024,1
11R8004GCA,8,1398.0,1419.0,25.0,21.0,ThinkCentre M75s Gen 2,Lenovo,Desktop Computer,SFF,AMD Ryzen 7 PRO 5750G,0,DDR4,512,Windows,Integrated,N/A,N/A,N/A,N/A,French,N/A,N/A,2023,3 Year,"Base Warranty: 3-year, OnsiteIncluded Upgrade: 3Y Premier Support Upgrade from 3Y Onsite",desktop,,N/A,https://www.directdial.com/ca/item/lenovo-thinkcentre-m75s-gen-2-11r8004gca-desktop-computer/11r8004gca,09/15/2024,09/17/2024,1
11T3000LUS,7,1228.0,1249.0,0.0,21.0,ThinkCentre M70q Gen 3,Lenovo,Desktop Computer,Tiny,Intel Core i5-12400T,0,DDR4,512,Windows,Integrated,N/A,N/A,N/A,Yes,English,N/A,N/A,N/A,3 Year,N/A,desktop,,N/A,https://www.directdial.com/ca/item/lenovo-thinkcentre-m70q-gen-3-11t3000lus-desktop-computer/11t3000lus,09/15/2024,09/17/2024,1
A12GVUT#ABA,617,1835.0,2089.0,250.0,254.0,Elite Mini 800 G9,HP,Desktop Computer,Tiny,Intel Core i7-14700T,0,DDR5,512,Windows,Integrated,N/A,N/A,N/A,Yes,English,N/A,N/A,N/A,3 Year,"3 year (3/3/3) limited warranty includes 3 years of parts, labor and on-site repair.",desktop,,N/A,https://www.directdial.com/ca/item/hp-elite-mini-800-g9-desktop-computer/a12gvut-aba,09/15/2024,09/17/2024,1
11U50069US,47,1429.0,1579.0,75.0,150.0,ThinkCentre M90q Gen 3,Lenovo,Desktop Computer,Tiny,Intel Core i5-12500,0,DDR5,256,Windows,Integrated,N/A,N/A,N/A,Yes,English,N/A,N/A,2023,3 Year,"Base Warranty 3-year, OnsiteIncluded Upgrade 3Y Premier Support Upgrade from 3Y Onsite",desktop,,N/A,https://www.directdial.com/ca/item/lenovo-thinkcentre-m90q-gen-3-11u50069us-desktop-computer/11u50069us,09/15/2024,09/17/2024,1
2T6X9,439,1031.0,2067.19,269.0,1000.0,OptiPlex 7000 7020,Dell,Desktop Computer,SFF,Intel Core i5-14500,0,DDR5,256,Windows,Integrated,N/A,N/A,N/A,No,English (US),N/A,N/A,2024,3 Year,3Y Basic Onsite Service after remote diagnosis with Hardware-Only Support-Disti SnS,desktop,,N/A,https://www.directdial.com/ca/item/dell-optiplex-7000-7020-desktop-computer/2t6x9,09/15/2024,09/17/2024,1
12E3005CUS,77,1667.0,1769.0,100.0,102.0,ThinkCentre M70q Gen 4,Lenovo,Desktop Computer,Tiny,Intel Core i7-13700T,0,DDR4,1000,Windows,Integrated,N/A,N/A,N/A,Yes,English,N/A,N/A,2024,3 Year,"3-year, Onsite3Y Premier Support Upgrade from 3Y Onsite",desktop,,N/A,https://www.directdial.com/ca/item/lenovo-thinkcentre-m70q-gen-4-12e3005cus-desktop-computer/12e3005cus,09/15/2024,09/17/2024,1
FV8NH,1685,1132.0,1943.58,97.0,812.0,OptiPlex 7000 7020,Dell,Desktop Computer,Tiny,Intel Core i5-14500T,0,DDR5,256,Windows,Integrated,N/A,N/A,N/A,No,English (US),N/A,N/A,2024,3 Year,3Y Basic Onsite Service after remote diagnosis with Hardware-Only Support-Disti SnS,desktop,,N/A,https://www.directdial.com/ca/item/dell-optiplex-7000-7020-desktop-computer/fv8nh,09/15/2024,09/17/2024,1
11JN0094CA,59,1090.0,1139.0,50.0,49.0,ThinkCentre M75q Gen 2,Lenovo,Desktop Computer,Tiny,AMD Ryzen 5 PRO 5650GE,0,DDR4,256,Windows,Integrated,N/A,N/A,N/A,Yes,French,N/A,N/A,2023,3 Year,"Base Warranty 3-year, Onsite",desktop,,N/A,https://www.directdial.com/ca/item/lenovo-thinkcentre-m75q-gen-2-11jn0094ca-desktop-computer/11jn0094ca,09/15/2024,09/17/2024,1
12JF0000CA,7,1039.0,1049.0,25.0,0,ThinkCentre neo 50s Gen 4,Lenovo,Desktop Computer,SFF,Intel Core i5-13400,0,DDR4,256,Windows,Integrated,N/A,N/A,N/A,Yes,French,N/A,N/A,2023,3 Year,"Base Warranty 1-year,Onsite Included Upgrade 3Y Onsite upgrade from 1Y Onsite",desktop,,N/A,https://www.directdial.com/ca/item/lenovo-thinkcentre-neo-50s-gen-4-12jf0000ca-desktop-computer/12jf0000ca,09/15/2024,09/17/2024,1
1WRXW,471,1030.0,2066.24,269.0,1000.0,OptiPlex 7000 7020,Dell,Desktop Computer,Tiny,Intel Core i5-14500T,0,DDR5,256,Windows,Integrated,N/A,N/A,N/A,Yes,English (US),N/A,N/A,2024,3 Year,3Y Basic Onsite Service after remote diagnosis with Hardware-Only Support-Disti SnS,desktop,,N/A,https://www.directdial.com/ca/item/dell-optiplex-7000-7020-desktop-computer/1wrxw,09/15/2024,09/17/2024,1
A12GRUT#ABA,680,1655.0,1909.0,250.0,254.0,Elite Mini 800 G9,HP,Desktop Computer,Tiny,Intel Core i7-14700T,0,DDR5,256,Windows,Integrated,N/A,N/A,N/A,Yes,English,N/A,N/A,N/A,3 Year,"3 year (3/3/3) limited warranty includes 3 years of parts, labor and on-site repair.",desktop,,N/A,https://www.directdial.com/ca/item/hp-elite-mini-800-g9-desktop-computer/a12grut-aba,09/15/2024,09/17/2024,1
12E90013CA,9,1445.0,1509.0,0.0,64.0,ThinkCentre M80q Gen 4,Lenovo,Desktop Computer,Tiny,Intel Core i5-13500T,0,DDR5,512,Windows,Integrated,N/A,N/A,N/A,Yes,French,N/A,N/A,2023,3 Year,"3-year, Onsite",desktop,,N/A,https://www.directdial.com/ca/item/lenovo-thinkcentre-m80q-gen-4-12e90013ca-desktop-computer/12e90013ca,09/15/2024,09/17/2024,1
11T300C9CA,6,1316.0,1309.0,0.0,0,ThinkCentre M70q Gen 3,Lenovo,Desktop Computer,Tiny,Intel Core i5-12400T,0,DDR4,512,Windows,Integrated,N/A,N/A,N/A,Yes,French,N/A,N/A,2023,3 Year,N/A,desktop,,N/A,https://www.directdial.com/ca/item/lenovo-thinkcentre-m70q-gen-3-11t300c9ca-desktop-computer/11t300c9ca,09/15/2024,09/17/2024,1
12DN0010CA,23,1828.0,1819.0,0.0,0,ThinkCentre M70s Gen 4,Lenovo,Desktop Computer,SFF,Intel Core i7-13700,0,DDR4,512,Windows,Integrated,N/A,N/A,N/A,Yes,French,N/A,N/A,2023,3 Year,"Base Warranty 3-year, OnsiteIncluded Upgrade 3Y Premier Support Upgrade from 3Y Onsite",desktop,,N/A,https://www.directdial.com/ca/item/lenovo-thinkcentre-m70s-gen-4-12dn0010ca-desktop-computer/12dn0010ca,09/15/2024,09/17/2024,1
G2V4X,566,1052.0,2317.16,394.0,1000.0,OptiPlex 7000 7020,Dell,Desktop Computer,SFF,Intel Core i5-14500,0,DDR5,512,Windows,Integrated,N/A,N/A,N/A,No,English (US),N/A,N/A,2024,3 Year,3Y Basic Onsite Service after remote diagnosis with Hardware-Only Support-Disti SnS,desktop,,N/A,https://www.directdial.com/ca/item/dell-optiplex-7000-7020-desktop-computer/g2v4x,09/15/2024,09/17/2024,1
X8FRK,1,911.0,1644.17,132.0,733.0,OptiPlex 7000 7020,Dell,Desktop Computer,Tiny,Intel Core i3-14100T,0,DDR5,256,Windows,Integrated,N/A,N/A,N/A,No,English (US),N/A,N/A,2024,3 Year,3Y Basic Onsite Service after remote diagnosis with Hardware-Only Support-Disti SnS,desktop,,N/A,https://www.directdial.com/ca/item/dell-optiplex-7000-7020-desktop-computer/x8frk,09/15/2024,09/17/2024,1
A70P8UT#ABA,574,1198.0,1349.0,150.0,151.0,Pro Mini 400 G9,HP,Desktop Computer,Tiny,Intel Core i5-14500T,0,DDR5,256,Windows,Integrated,N/A,N/A,N/A,Yes,English,N/A,N/A,N/A,3 Year,"3 year (3/3/3) limited warranty includes 3 years of parts, labor and on-site repair.",desktop,,N/A,https://www.directdial.com/ca/item/hp-pro-mini-400-g9-desktop-computer/a70p8ut-aba,09/15/2024,09/17/2024,1
A12GXUT#ABA,227,1785.0,2039.0,250.0,254.0,Elite 800 G9,HP,Desktop Computer,SFF,Intel Core i7-14700,0,DDR5,512,Windows,Integrated,N/A,N/A,N/A,N/A,English,N/A,N/A,2024,1 Year,"1 year (1/1/1) limited warranty includes 1 year of parts, labor and on-site repair.",desktop,,N/A,https://www.directdial.com/ca/item/hp-elite-800-g9-desktop-computer/a12gxut-aba,09/15/2024,09/17/2024,1
5RW71,41,1403.0,2317.65,70.0,915.0,OptiPlex 7000 7010,Dell,Desktop Computer,Tiny,Intel Core i5-13500T,0,DDR5,256,Windows,Integrated,N/A,N/A,N/A,Yes,English,N/A,N/A,2023,3 Year,3Y Basic Onsite Service with Hardware Support-Disti SnS,desktop,,N/A,https://www.directdial.com/ca/item/dell-optiplex-7000-7010-desktop-computer/5rw71,09/15/2024,09/17/2024,1
11T30085CA,2,1647.0,1639.0,0.0,0,ThinkCentre M70q Gen 3,Lenovo,Desktop Computer,Tiny,Intel Core i7-12700T,0,DDR4,512,Windows,Integrated,N/A,N/A,N/A,Yes,French,N/A,N/A,N/A,3 Year,N/A,desktop,,N/A,https://www.directdial.com/ca/item/lenovo-thinkcentre-m70q-gen-3-11t30085ca-desktop-computer/11t30085ca,09/15/2024,09/17/2024,1
9C422AW#ABA,6,1750.0,1986.95,0.0,237.0,Mini Conference G9,HP,Desktop Computer,Tiny,Intel Core i7-12700T,0,DDR5,256,Windows,Integrated,N/A,N/A,N/A,Yes,N/A,N/A,N/A,N/A,N/A,N/A,desktop,,N/A,https://www.directdial.com/ca/item/hp-mini-conference-g9-desktop-computer/9c422aw-aba,09/15/2024,09/17/2024,1
FVD8T,4,1528.0,2393.23,0.0,865.0,OptiPlex 7000 7010,Dell,Desktop Computer,SFF,Intel Core i5-13500,0,DDR5,256,Windows,Integrated,N/A,N/A,N/A,No,English,N/A,N/A,2023,3 Year,3Y Basic Onsite Service with Hardware Support-Disti SnS,desktop,,N/A,https://www.directdial.com/ca/item/dell-optiplex-7000-7010-desktop-computer/fvd8t,09/15/2024,09/17/2024,1
0X7K6,1,1820.0,3127.63,156.0,1000.0,OptiPlex 7000 7020 Plus,Dell,Desktop Computer,SFF,Intel Core i7-14700,0,DDR5,512,Windows,Integrated,N/A,N/A,N/A,Yes,English (US),N/A,N/A,2024,3 Year,3Y Basic Onsite Service after remote diagnosis with Hardware-Only Support-Disti SnS,desktop,,N/A,https://www.directdial.com/ca/item/dell-optiplex-7000-7020-plus-desktop-computer/0x7k6,09/15/2024,09/17/2024,1
2PTC6,65,1519.0,2613.56,131.0,1000.0,OptiPlex 7000 7020 Plus,Dell,Desktop Computer,Tiny,Intel Core i5-14500,0,DDR5,512,Windows,Integrated,N/A,N/A,N/A,Yes,English (US),N/A,N/A,2024,3 Year,3Y Basic Onsite Service after remote diagnosis with Hardware-Only Support-Disti SnS,desktop,,N/A,https://www.directdial.com/ca/item/dell-optiplex-7000-7020-plus-desktop-computer/2ptc6,09/15/2024,09/17/2024,1
11U50069CA,4,1429.0,1579.0,75.0,150.0,ThinkCentre M90q Gen 3,Lenovo,Desktop Computer,Tiny,Intel Core i5-12500,0,DDR5,256,Windows,Integrated,N/A,N/A,N/A,Yes,French,N/A,N/A,2023,3 Year,"3-year, Onsite3Y Premier Support Upgrade from 3Y Onsite",desktop,,N/A,https://www.directdial.com/ca/item/lenovo-thinkcentre-m90q-gen-3-11u50069ca-desktop-computer/11u50069ca,09/15/2024,09/17/2024,1
11T8001TUS,3,1396.0,1389.0,0.0,0,ThinkCentre M70s Gen 3,Lenovo,Desktop Computer,SFF,Intel Core i5-12400,0,DDR4,512,Windows,Integrated,N/A,N/A,N/A,Yes,English,N/A,N/A,N/A,3 Year,N/A,desktop,,N/A,https://www.directdial.com/ca/item/lenovo-thinkcentre-m70s-gen-3-11t8001tus-desktop-computer/11t8001tus,09/15/2024,09/17/2024,1
0XMRC,122,1221.0,2225.84,178.0,1000.0,OptiPlex 7000 7020,Dell,Desktop Computer,Tiny,Intel Core i5-14500T,0,DDR5,512,Windows,Integrated,N/A,N/A,N/A,No,English (US),N/A,N/A,2024,3 Year,3Y Basic Onsite Service after remote diagnosis with Hardware-Only Support-Disti SnS,desktop,,N/A,https://www.directdial.com/ca/item/dell-optiplex-7000-7020-desktop-computer/0xmrc,09/15/2024,09/17/2024,1
12DN0014CA,18,1426.0,1419.0,0.0,0,ThinkCentre M70s Gen 4,Lenovo,Desktop Computer,SFF,Intel Core i5-13400,0,DDR4,256,Windows,Integrated,N/A,N/A,N/A,Yes,French,N/A,N/A,2023,3 Year,"Base Warranty 3-year, Onsite",desktop,,N/A,https://www.directdial.com/ca/item/lenovo-thinkcentre-m70s-gen-4-12dn0014ca-desktop-computer/12dn0014ca,09/15/2024,09/17/2024,1
A70PJUT#ABA,241,1300.0,1449.0,150.0,149.0, Pro SFF 400 G9,HP,Desktop Computer,SFF,Intel Core i5-14500,0,DDR5,512,Windows,Integrated,N/A,N/A,N/A,N/A,English,N/A,N/A,N/A,1 Year,"1 year (1/1/1) limited warranty includes 1 year of parts, labor and on-site repair. Terms and conditions vary by country. Certain restrictions and exclusions apply.",desktop,,N/A,https://www.directdial.com/ca/item/hp-pro-sff-400-g9-desktop-computer/a70pjut-aba,09/15/2024,09/17/2024,1
Y2X64,3,1102.0,1722.33,0.0,620.0,OptiPlex 7000 7010,Dell,Desktop Computer,SFF,Intel Core i3-13100,0,DDR4,256,Windows,Integrated,N/A,N/A,N/A,No,N/A,N/A,N/A,N/A,3 Year,3Y Basic Onsite Service with Hardware Support-Disti SnS,desktop,,N/A,https://www.directdial.com/ca/item/dell-optiplex-7000-7010-desktop-computer/y2x64,09/15/2024,09/17/2024,1
11T80019US,5,1868.0,1859.0,0.0,0,ThinkCentre M70s Gen 3,Lenovo,Desktop Computer,SFF,Intel Core i7-12700,0,DDR4,1000,Windows,Integrated,N/A,N/A,N/A,Yes,English,N/A,N/A,N/A,3 Year,N/A,desktop,,N/A,https://www.directdial.com/ca/item/lenovo-thinkcentre-m70s-gen-3-11t80019us-desktop-computer/11t80019us,09/15/2024,09/17/2024,1
93T62UC#ABC,1,1671.0,2014.0,0.0,343.0,Elite Mini 800 G9,HP,Desktop Computer,Tiny,Intel Core i5-13500T,0,N/A,512,N/A,N/A,N/A,N/A,N/A,N/A,N/A,N/A,N/A,N/A,N/A,N/A,desktop,,N/A,https://www.directdial.com/ca/item/hp-elite-mini-800-g9-desktop-computer/93t62uc-abc,09/15/2024,09/17/2024,1
12E90003CA,17,1855.0,1889.0,0.0,34.0,ThinkCentre M80q Gen 4,Lenovo,Desktop Computer,Tiny,Intel Core i7-13700T,0,DDR5,512,Windows,Integrated,N/A,N/A,N/A,Yes,French,N/A,N/A,2023,3 Year,"Base Warranty 3-year, Onsite",desktop,,N/A,https://www.directdial.com/ca/item/lenovo-thinkcentre-m80q-gen-4-12e90003ca-desktop-computer/12e90003ca,09/15/2024,09/17/2024,1
DN5R3,196,1477.0,2998.11,390.0,2000.0,OptiPlex 7000 7020 Plus,Dell,Desktop Computer,Tiny,Intel Core i7-14700T,0,DDR5,512,Windows,Integrated,N/A,N/A,N/A,Yes,English (US),N/A,N/A,N/A,3 Year,3Y Basic Onsite Service after remote diagnosis with Hardware-Only Support-Disti SnS,desktop,,N/A,https://www.directdial.com/ca/item/dell-optiplex-7000-7020-plus-desktop-computer/dn5r3,09/15/2024,09/17/2024,1
A70P7UT#ABA,652,1259.0,1409.0,150.0,150.0,Pro Mini 400 G9,HP,Desktop Computer,Tiny,Intel Core i5-14500T,0,DDR5,512,Windows,Integrated,N/A,N/A,N/A,Yes,English,N/A,N/A,N/A,3 Year,"3 year (3/3/3) limited warranty includes 3 years of parts, labor and on-site repair.",desktop,,N/A,https://www.directdial.com/ca/item/hp-pro-mini-400-g9-desktop-computer/a70p7ut-aba,09/15/2024,09/17/2024,1
TVN4R,16,1868.0,3081.28,93.0,1000.0,OptiPlex 7000 7020,Dell,Desktop Computer,Tower,Intel Core i7-14700,0,DDR5,512,Windows,Integrated,N/A,N/A,N/A,No,English (US),N/A,N/A,2024,3 Year,3Y Basic Onsite Service after remote diagnosis with Hardware-Only Support-Disti SnS,desktop,,N/A,https://www.directdial.com/ca/item/dell-optiplex-7000-7020-desktop-computer/tvn4r,09/15/2024,09/17/2024,1
9X1PV,209,1132.0,2293.56,298.0,1000.0,OptiPlex 7000 7020,Dell,Desktop Computer,Tiny,Intel Core i5-14500T,0,DDR5,512,Windows,Integrated,N/A,N/A,N/A,Yes,English (US),N/A,N/A,2024,3 Year,3Y Basic Onsite Service after remote diagnosis with Hardware-Only Support-Disti SnS,desktop,,N/A,https://www.directdial.com/ca/item/dell-optiplex-7000-7020-desktop-computer/9x1pv,09/15/2024,09/17/2024,1
46FC0,23,1780.0,3060.86,153.0,1000.0,OptiPlex 7000 7020 Plus,Dell,Desktop Computer,SFF,Intel Core i7-14700,0,DDR5,512,Windows,Integrated,N/A,N/A,N/A,No,English (US),N/A,N/A,2024,3 Year,3Y Basic Onsite Service after remote diagnosis with Hardware-Only Support-Disti SnS,desktop,,N/A,https://www.directdial.com/ca/item/dell-optiplex-7000-7020-plus-desktop-computer/46fc0,09/15/2024,09/17/2024,1
54J8K,10,953.0,1802.12,187.0,849.0,OptiPlex 7000 7020,Dell,Desktop Computer,Tiny,Intel Core i5-14500T,0,DDR5,256,Windows,Integrated,N/A,N/A,N/A,No,English (US),N/A,N/A,2024,3 Year,3Y Basic Onsite Service after remote diagnosis with Hardware-Only Support-Disti SnS,desktop,,N/A,https://www.directdial.com/ca/item/dell-optiplex-7000-7020-desktop-computer/54j8k,09/15/2024,09/17/2024,1
CM1GY,1,1149.0,1797.31,0.0,648.0,OptiPlex 7000 7010,Dell,Desktop Computer,Tower,Intel Core i5-13500,0,DDR4,256,Windows,Integrated,N/A,N/A,N/A,No,English (US),N/A,N/A,2023,3 Year,3Y Basic Onsite Service with Hardware Support-Disti SnS,desktop,,N/A,https://www.directdial.com/ca/item/dell-optiplex-7000-7010-desktop-computer/cm1gy,09/15/2024,09/17/2024,1
A70PGUT#ABA,324,1128.0,1279.0,150.0,151.0, Pro SFF 400 G9,HP,Desktop Computer,SFF,Intel Core i5-14500,0,DDR5,256,Windows,Integrated,N/A,N/A,N/A,N/A,English,N/A,N/A,2024,1 Year,"1 year (1/1/1) limited warranty includes 1 year of parts, labor and on-site repair. Terms and conditions vary by country. Certain restrictions and exclusions apply.",desktop,,N/A,https://www.directdial.com/ca/item/hp-pro-sff-400-g9-desktop-computer/a70pgut-aba,09/15/2024,09/17/2024,1
21GNM,3,2195.0,3434.15,0.0,1000.0,OptiPlex 7000 7020,Dell,Desktop Computer,Tower,Intel Core i7-14700,0,DDR5,512,Windows,Integrated,N/A,N/A,N/A,No,English (US),N/A,N/A,2024,3 Year,3Y Basic Onsite Service after remote diagnosis with Hardware-Only Support-Disti SnS,desktop,,N/A,https://www.directdial.com/ca/item/dell-optiplex-7000-7020-desktop-computer/21gnm,09/15/2024,09/17/2024,1
VX2KH,2,1058.0,1654.07,0.0,596.0,OptiPlex 7000 7010,Dell,Desktop Computer,SFF,Intel Core i3-13100,0,DDR4,256,Windows,Integrated,N/A,N/A,N/A,No,English (US),N/A,N/A,N/A,3 Year,3Y Basic Onsite Service with Hardware Support-Disti SnS,desktop,,N/A,https://www.directdial.com/ca/item/dell-optiplex-7000-7010-desktop-computer/vx2kh,09/15/2024,09/17/2024,1
T42NV,381,1016.0,1829.59,146.0,814.0,OptiPlex 7000 7020,Dell,Desktop Computer,SFF,Intel Core i5-14500,0,DDR5,256,Windows,Integrated,N/A,N/A,N/A,No,English (US),N/A,N/A,2024,3 Year,3Y Basic Onsite Service after remote diagnosis with Hardware-Only Support-Disti SnS,desktop,,N/A,https://www.directdial.com/ca/item/dell-optiplex-7000-7020-desktop-computer/t42nv,09/15/2024,09/17/2024,1
VTG9M,4,1706.0,3440.34,447.0,2000.0,OptiPlex 7000 7020 Plus,Dell,Desktop Computer,Tiny,Intel Core i7-14700T,0,DDR5,512,Windows,Integrated,N/A,N/A,N/A,Yes,English (US),N/A,N/A,2024,3 Year,3Y Basic Onsite Service after remote diagnosis with Hardware-Only Support-Disti SnS,desktop,,N/A,https://www.directdial.com/ca/item/dell-optiplex-7000-7020-plus-desktop-computer/vtg9m,09/15/2024,09/17/2024,1
P69DR,55,1807.0,2818.19,0.0,1000.0,OptiPlex 7000 7020 Plus,Dell,Desktop Computer,Tiny,Intel Core i7-14700T,0,DDR5,256,Windows,Integrated,N/A,N/A,N/A,Yes,English (US),N/A,N/A,2024,3 Year,3Y Basic Onsite Service after remote diagnosis with Hardware-Only Support-Disti SnS,desktop,,N/A,https://www.directdial.com/ca/item/dell-optiplex-7000-7020-plus-desktop-computer/p69dr,09/15/2024,09/17/2024,1
GDX46,148,1261.0,2498.19,299.0,1000.0,OptiPlex 7000 7020,Dell,Desktop Computer,Tiny,Intel Core i7-14700T,0,DDR5,256,Windows,Integrated,N/A,N/A,N/A,Yes,English (US),N/A,N/A,2024,3 Year,3Y Basic Onsite Service after remote diagnosis with Hardware-Only Support-Disti SnS,desktop,,N/A,https://www.directdial.com/ca/item/dell-optiplex-7000-7020-desktop-computer/gdx46,09/15/2024,09/17/2024,1
A12GNUT#ABA,337,1756.0,2009.0,250.0,253.0,Elite Mini 800 G9,HP,Desktop Computer,Tiny,Intel Core i7-14700T,0,DDR5,512,Windows,Integrated,N/A,N/A,N/A,Yes,English,N/A,N/A,N/A,3 Year,"3 year (3/3/3) limited warranty includes 3 years of parts, labor and on-site repair.",desktop,,N/A,https://www.directdial.com/ca/item/hp-elite-mini-800-g9-desktop-computer/a12gnut-aba,09/15/2024,09/17/2024,1
NP2H8,5,1138.0,1990.98,119.0,853.0,OptiPlex 7000 7020,Dell,Desktop Computer,Tiny,Intel Core i5-14500T,0,DDR5,256,Windows,Integrated,N/A,N/A,N/A,No,English (US),N/A,N/A,2024,3 Year,3Y Basic Onsite Service after remote diagnosis with Hardware-Only Support-Disti SnS,desktop,,N/A,https://www.directdial.com/ca/item/dell-optiplex-7000-7020-desktop-computer/np2h8,09/15/2024,09/17/2024,1
A70P6UT#ABA,1025,1118.0,1269.0,150.0,151.0,Pro Mini 400 G9,HP,Desktop Computer,Tiny,Intel Core i5-14500T,0,DDR5,256,Windows,Integrated,N/A,N/A,N/A,Yes,English,N/A,N/A,N/A,3 Year,"3 year (3/3/3) limited warranty includes 3 years of parts, labor and on-site repair.",desktop,,N/A,https://www.directdial.com/ca/item/hp-pro-mini-400-g9-desktop-computer/a70p6ut-aba,09/15/2024,09/17/2024,1
GFXMD,5,1463.0,2286.04,0.0,823.0,OptiPlex 7000 7020,Dell,Desktop Computer,Tower,Intel Core i5-14500,0,DDR5,256,Windows,Integrated,N/A,N/A,N/A,Yes,English (US),N/A,N/A,2024,3 Year,3Y Basic Onsite Service after remote diagnosis with Hardware-Only Support-Disti SnS,desktop,,N/A,https://www.directdial.com/ca/item/dell-optiplex-mt-mlk-7020-core-i5-14500-16gb-1dimm-256gb-ss-intel-hd-wls-w11-1dp/gfxmd,09/15/2024,09/17/2024,1
YJ7Y2,1,1188.0,1855.15,0.0,667.0,OptiPlex 7000 7020,Dell,Desktop Computer,SFF,Intel Core i3-14100,0,DDR5,256,Windows,Integrated,N/A,N/A,N/A,Yes,English (US),N/A,N/A,2024,3 Year,3Y Basic Onsite Service after remote diagnosis with Hardware-Only Support-Disti SnS,desktop,,N/A,https://www.directdial.com/ca/item/dell-optiplex-7000-7020-desktop-computer/yj7y2,09/15/2024,09/17/2024,1
KTK3V,13,1788.0,3262.74,261.0,1000.0,OptiPlex 7000 7020 Plus,Dell,Desktop Computer,SFF,Intel Core i7-14700,0,DDR5,512,Windows,Integrated,N/A,N/A,N/A,No,English (US),N/A,N/A,2024,3 Year,3Y Basic Onsite Service after remote diagnosis with Hardware-Only Support-Disti SnS,desktop,,N/A,https://www.directdial.com/ca/item/dell-optiplex-7000-7020-plus-desktop-computer/ktk3v,09/15/2024,09/17/2024,1
HG15N,109,1053.0,1917.24,153.0,864.0,OptiPlex 7000 7020,Dell,Desktop Computer,Tiny,Intel Core i5-14500T,0,DDR5,256,Windows,Integrated,N/A,N/A,N/A,Yes,English (US),N/A,N/A,2024,3 Year,3Y Basic Onsite Service after remote diagnosis with Hardware-Only Support-Disti SnS,desktop,,N/A,https://www.directdial.com/ca/item/dell-optiplex-7000-7020-desktop-computer/hg15n,09/15/2024,09/17/2024,1
A70PHUT#ABA,180,1228.0,1379.0,150.0,151.0, Pro SFF 400 G9,HP,Desktop Computer,SFF,Intel Core i5-14500,0,DDR5,256,Windows,Integrated,N/A,N/A,N/A,N/A,English,N/A,N/A,N/A,1 Year,"1 year (1/1/1) limited warranty includes 1 year of parts, labor and on-site repair. Terms and conditions vary by country. Certain restrictions and exclusions apply.",desktop,,N/A,https://www.directdial.com/ca/item/hp-pro-sff-400-g9-desktop-computer/a70phut-aba,09/15/2024,09/17/2024,1
7FW7W,4,1652.0,3331.41,433.0,2000.0,OptiPlex 7000 7020 Plus,Dell,Desktop Computer,SFF,Intel Core i7-14700,0,DDR5,512,Windows,Integrated,N/A,N/A,N/A,No,English (US),N/A,N/A,2024,3 Year,3Y Basic Onsite Service after remote diagnosis with Hardware-Only Support-Disti SnS,desktop,,N/A,https://www.directdial.com/ca/item/dell-optiplex-7000-7020-plus-desktop-computer/7fw7w,09/15/2024,09/17/2024,1
A70P7UT#ABC,11,1259.0,1409.0,150.0,150.0,Pro Mini 400 G9,HP,Desktop Computer,Tiny,Intel Core i5-14500T,0,DDR5,512,Windows,Integrated,N/A,N/A,N/A,Yes,French,N/A,N/A,N/A,3 Year,"3 year (3/3/3) limited warranty includes 3 years of parts, labor and on-site repair.",desktop,,N/A,https://www.directdial.com/ca/item/hp-pro-mini-400-g9-desktop-computer/a70p7ut-abc,09/15/2024,09/17/2024,1
87F7H,22,1534.0,2399.19,0.0,865.0,OptiPlex 7000 7020,Dell,Desktop Computer,Tower,Intel Core i5-14500,0,DDR5,512,Windows,Integrated,N/A,N/A,N/A,No,English (US),N/A,N/A,2024,3 Year,3Y Basic Onsite Service after remote diagnosis with Hardware-Only Support-Disti SnS,desktop,,N/A,https://www.directdial.com/ca/item/dell-optiplex-7000-7020-desktop-computer/87f7h,09/15/2024,09/17/2024,1
A70P8UT#ABC,15,1198.0,1349.0,150.0,151.0,Pro Mini 400 G9,HP,Desktop Computer,Tiny,Intel Core i5-14500T,0,DDR5,256,Windows,Integrated,N/A,N/A,N/A,Yes,French,N/A,N/A,N/A,3 Year,"3 year (3/3/3) limited warranty includes 3 years of parts, labor and on-site repair.",desktop,,N/A,https://www.directdial.com/ca/item/hp-pro-mini-400-g9-desktop-computer/a70p8ut-abc,09/15/2024,09/17/2024,1
9DN74,93,1345.0,2452.6,196.0,1000.0,OptiPlex 7000 7020,Dell,Desktop Computer,SFF,Intel Core i5-14500,0,DDR5,512,Windows,Integrated,N/A,N/A,N/A,Yes,English (US),N/A,N/A,2024,3 Year,3Y Basic Onsite Service after remote diagnosis with Hardware-Only Support-Disti SnS,desktop,,N/A,https://www.directdial.com/ca/item/dell-optiplex-7000-7020-desktop-computer/9dn74,09/15/2024,09/17/2024,1
3YXVT,3,1734.0,2722.48,0.0,988.0,OptiPlex 7000 7020 Plus,Dell,Desktop Computer,SFF,Intel Core i5-14500,0,DDR5,512,Windows,Integrated,N/A,N/A,N/A,Yes,English (US),N/A,N/A,2024,3 Year,3Y Basic Onsite Service after remote diagnosis with Hardware-Only Support-Disti SnS,desktop,,N/A,https://www.directdial.com/ca/item/dell-optiplex-7000-7020-plus-desktop-computer/3yxvt,09/15/2024,09/17/2024,1
A70P6UT#ABC,47,1118.0,1269.0,150.0,151.0,Pro Mini 400 G9,HP,Desktop Computer,Tiny,Intel Core i5-14500T,0,DDR5,256,Windows,Integrated,N/A,N/A,N/A,Yes,French,N/A,N/A,N/A,3 Year,"3 year (3/3/3) limited warranty includes 3 years of parts, labor and on-site repair.",desktop,,N/A,https://www.directdial.com/ca/item/hp-pro-mini-400-g9-desktop-computer/a70p6ut-abc,09/15/2024,09/17/2024,1
V1FFJ,140,1108.0,2298.77,322.0,1000.0,OptiPlex 7000 7020,Dell,Desktop Computer,SFF,Intel Core i5-14500,0,DDR5,256,Windows,Integrated,N/A,N/A,N/A,Yes,English (US),N/A,N/A,2024,3 Year,3Y Basic Onsite Service after remote diagnosis with Hardware-Only Support-Disti SnS,desktop,,N/A,https://www.directdial.com/ca/item/dell-optiplex-7000-7020-desktop-computer/v1ffj,09/15/2024,09/17/2024,1
A12GSUT#ABA,175,2047.0,2299.0,250.0,252.0,Elite Mini 800 G9,HP,Desktop Computer,Tiny,Intel Core i7-14700T,0,N/A,512,Windows,NVIDIA GeForce RTX 3050,N/A,N/A,N/A,Yes,English,N/A,N/A,N/A,3 Year,"3 year (3/3/3) limited warranty includes 3 years of parts, labor and on-site repair.",desktop,,N/A,https://www.directdial.com/ca/item/hp-elite-mini-800-g9-desktop-computer/a12gsut-aba,09/15/2024,09/17/2024,1
DG02W,3,1160.0,2113.64,169.0,954.0,OptiPlex 7000 7020,Dell,Desktop Computer,Tiny,Intel Core i5-14500T,0,DDR5,256,Windows,Integrated,N/A,N/A,N/A,Yes,English (US),N/A,N/A,2024,3 Year,3Y Basic Onsite Service after remote diagnosis with Hardware-Only Support-Disti SnS,desktop,,N/A,https://www.directdial.com/ca/item/dell-optiplex-7000-7020-desktop-computer/dg02w,09/15/2024,09/17/2024,1
11JN008WUS,6,1044.0,1049.0,0.0,0,ThinkCentre M75q Gen 2,Lenovo,Desktop Computer,Tiny,AMD Ryzen 5 PRO 5650GE,0,DDR4,256,Windows,Integrated,N/A,N/A,N/A,Yes,English,N/A,N/A,2023,3 Year,N/A,desktop,,N/A,https://www.directdial.com/ca/item/lenovo-thinkcentre-m75q-gen-2-11jn008wus-desktop-computer/11jn008wus,09/15/2024,09/17/2024,1
FMFD1,9,2173.0,3398.18,0.0,1000.0,OptiPlex 7000 7020 Plus,Dell,Desktop Computer,SFF,Intel Core i7-14700,0,DDR5,512,Windows,Integrated,N/A,N/A,N/A,Yes,English (US),N/A,N/A,2024,3 Year,3Y Basic Onsite Service after remote diagnosis with Hardware-Only Support-Disti SnS,desktop,,N/A,https://www.directdial.com/ca/item/dell-optiplex-7000-7020-plus-desktop-computer/fmfd1,09/15/2024,09/17/2024,1
9NKVD,2,1671.0,2611.23,0.0,940.0,OptiPlex 7000 7020 Plus,Dell,Desktop Computer,SFF,Intel Core i5-14500,0,DDR5,256,Windows,Integrated,N/A,N/A,N/A,Yes,English (US),N/A,N/A,2024,3 Year,3Y Basic Onsite Service after remote diagnosis with Hardware-Only Support-Disti SnS,desktop,,N/A,https://www.directdial.com/ca/item/dell-optiplex-7000-7020-plus-desktop-computer/9nkvd,09/15/2024,09/17/2024,1
H7C21,637,1321.0,2406.18,192.0,1000.0,OptiPlex 7000 7020 Plus,Dell,Desktop Computer,Tiny,Intel Core i5-14500T,0,DDR5,256,Windows,Integrated,N/A,N/A,N/A,Yes,English (US),N/A,N/A,2024,3 Year,3Y Basic Onsite Service after remote diagnosis with Hardware-Only Support-Disti SnS,desktop,,N/A,https://www.directdial.com/ca/item/dell-optiplex-7000-7020-plus-desktop-computer/h7c21,09/15/2024,09/17/2024,1
94W75,27,1311.0,2655.71,345.0,1000.0,OptiPlex 7000 7020 Plus,Dell,Desktop Computer,SFF,Intel Core i5-14500,0,DDR5,512,Windows,Integrated,N/A,N/A,N/A,No,English (US),N/A,N/A,2024,3 Year,3Y Basic Onsite Service after remote diagnosis with Hardware-Only Support-Disti SnS,desktop,,N/A,https://www.directdial.com/ca/item/dell-optiplex-7000-7020-plus-desktop-computer/94w75,09/15/2024,09/17/2024,1
12JF0004US,1,956.0,939.0,0.0,0,ThinkCentre neo 50s Gen 4,Lenovo,Desktop Computer,SFF,Intel Core i3-13100,0,DDR4,256,Windows,Integrated,N/A,N/A,N/A,Yes,English,N/A,N/A,N/A,1 Year,"1-year, Onsite3Y Onsite upgrade from 1Y Onsite",desktop,,N/A,https://www.directdial.com/ca/item/lenovo-thinkcentre-neo-50s-gen-4-12jf0004us-desktop-computer/12jf0004us,09/15/2024,09/17/2024,1
XK8K6,30,1121.0,2272.68,295.0,1000.0,OptiPlex 7000 7020,Dell,Desktop Computer,SFF,Intel Core i5-14500,0,DDR5,256,Windows,Integrated,N/A,N/A,N/A,Yes,English (US),N/A,N/A,2024,3 Year,3Y Basic Onsite Service after remote diagnosis with Hardware-Only Support-Disti SnS,desktop,,N/A,https://www.directdial.com/ca/item/dell-optiplex-7000-7020-desktop-computer/xk8k6,09/15/2024,09/17/2024,1
A12GYUT#ABA,294,1624.0,1879.0,250.0,255.0,Elite 800 G9,HP,Desktop Computer,SFF,Intel Core i7-14700,0,DDR5,256,Windows,Integrated,N/A,N/A,N/A,N/A,English,N/A,N/A,2024,1 Year,"1 year (1/1/1) limited warranty includes 1 year of parts, labor and on-site repair.",desktop,,N/A,https://www.directdial.com/ca/item/hp-elite-800-g9-desktop-computer/a12gyut-aba,09/15/2024,09/17/2024,1
K8TX5,6,1874.0,2930.39,0.0,1000.0,OptiPlex 7000 7020 Plus,Dell,Desktop Computer,Tiny,Intel Core i7-14700T,0,DDR5,512,Windows,Integrated,N/A,N/A,N/A,No,English (US),N/A,N/A,2024,3 Year,3Y Basic Onsite Service after remote diagnosis with Hardware-Only Support-Disti SnS,desktop,,N/A,https://www.directdial.com/ca/item/dell-optiplex-7000-7020-plus-desktop-computer/k8tx5,09/15/2024,09/17/2024,1
NF0Y8,4,2023.0,3161.69,0.0,1000.0,OptiPlex 7000 7020,Dell,Desktop Computer,Tower,Intel Core i7-14700,0,DDR5,512,Windows,Integrated,N/A,N/A,N/A,Yes,English (US),N/A,N/A,2024,3 Year,3Y Basic Onsite Service after remote diagnosis with Hardware-Only Support-Disti SnS,desktop,,N/A,https://www.directdial.com/ca/item/dell-optiplex-7000-7020-desktop-computer/nf0y8,09/15/2024,09/17/2024,1
DM51W,5,1877.0,2947.71,0.0,1000.0,OptiPlex 7000 7020 Plus,Dell,Desktop Computer,SFF,Intel Core i7-14700,0,DDR5,256,Windows,Integrated,N/A,N/A,N/A,Yes,English (US),N/A,N/A,2024,3 Year,3Y Basic Onsite Service after remote diagnosis with Hardware-Only Support-Disti SnS,desktop,,N/A,https://www.directdial.com/ca/item/dell-optiplex-7000-7020-plus-desktop-computer/dm51w,09/15/2024,09/17/2024,1
A98XWUT#ABA,385,1362.0,1619.0,250.0,257.0,Elite Mini 805 G8,HP,Desktop Computer,Tiny,AMD Ryzen 7 PRO 5750GE,0,DDR4,512,Windows,Integrated,N/A,N/A,N/A,Yes,English,N/A,N/A,N/A,3 Year,"3 year (3/3/3) limited warranty includes 3 years of parts, labor and on-site repair.",desktop,,N/A,https://www.directdial.com/ca/item/hp-elite-mini-805-g8-desktop-computer/a98xwut-aba,09/15/2024,09/17/2024,1
X0V4W,1,1292.0,2137.24,64.0,845.0,OptiPlex 7000 7020,Dell,Desktop Computer,SFF,Intel Core i5-14500,0,DDR5,256,Windows,Integrated,N/A,N/A,N/A,No,English (US),N/A,N/A,2024,3 Year,3Y Basic Onsite Service after remote diagnosis with Hardware-Only Support-Disti SnS,desktop,,N/A,https://www.directdial.com/ca/item/dell-optiplex-7000-7020-desktop-computer/x0v4w,09/15/2024,09/17/2024,1
9HMC5,1,1325.0,2061.17,0.0,736.0,OptiPlex 7000 7020,Dell,Desktop Computer,SFF,Intel Core i5-14500,0,DDR5,256,Windows,Integrated,N/A,N/A,N/A,Yes,English (US),N/A,N/A,2024,3 Year,3Y Basic Onsite Service after remote diagnosis with Hardware-Only Support-Disti SnS,desktop,,N/A,https://www.directdial.com/ca/item/dell-optiplex-7000-7020-desktop-computer/9hmc5,09/15/2024,09/17/2024,1
78TFG,105,1497.0,2341.35,0.0,844.0,OptiPlex 7000 7020,Dell,Desktop Computer,SFF,Intel Core i5-14500,0,DDR5,256,Windows,Integrated,N/A,N/A,N/A,Yes,English (US),N/A,N/A,2024,3 Year,3Y Basic Onsite Service after remote diagnosis with Hardware-Only Support-Disti SnS,desktop,,N/A,https://www.directdial.com/ca/item/dell-optiplex-7000-7020-desktop-computer/78tfg,09/15/2024,09/17/2024,1
2124N,4,1739.0,2880.94,86.0,1000.0,OptiPlex 7000 7020 Plus,Dell,Desktop Computer,SFF,Intel Core i7-14700,0,DDR5,256,Windows,Integrated,N/A,N/A,N/A,No,English (US),N/A,N/A,2024,3 Year,3Y Basic Onsite Service after remote diagnosis with Hardware-Only Support-Disti SnS,desktop,,N/A,https://www.directdial.com/ca/item/dell-optiplex-7000-7020-plus-desktop-computer/2124n,09/15/2024,09/17/2024,1
A12GRUT#ABC,12,1655.0,1909.0,250.0,254.0,Elite Mini 800 G9,HP,Desktop Computer,Tiny,Intel Core i7-14700T,0,DDR5,256,Windows,Integrated,N/A,N/A,N/A,Yes,French,N/A,N/A,N/A,3 Year,"3 year (3/3/3) limited warranty includes 3 years of parts, labor and on-site repair.",desktop,,N/A,https://www.directdial.com/ca/item/hp-elite-mini-800-g9-desktop-computer/a12grut-abc,09/15/2024,09/17/2024,1
14GX4,1,1204.0,1992.5,60.0,789.0,OptiPlex 7000 7020,Dell,Desktop Computer,SFF,Intel Core i5-14500,0,DDR5,256,Windows,Integrated,N/A,N/A,N/A,Yes,English (US),N/A,N/A,2024,3 Year,3Y Basic Onsite Service after remote diagnosis with Hardware-Only Support-Disti SnS,desktop,,N/A,https://www.directdial.com/ca/item/dell-optiplex-7000-7020-desktop-computer/14gx4,09/15/2024,09/17/2024,1
MPD4V,2,1280.0,1998.99,0.0,719.0,OptiPlex 7000 7020,Dell,Desktop Computer,Tower,Intel Core i5-14500,0,DDR5,256,Windows,Integrated,N/A,N/A,N/A,Yes,English (US),N/A,N/A,2024,3 Year,3Y Basic Onsite Service after remote diagnosis with Hardware-Only Support-Disti SnS,desktop,,N/A,https://www.directdial.com/ca/item/dell-optiplex-7000-7020-desktop-computer/mpd4v,09/15/2024,09/17/2024,1
A12GSUT#ABC,20,2047.0,2299.0,250.0,252.0,Elite Mini 800 G9,HP,Desktop Computer,Tiny,Intel Core i7-14700T,0,N/A,512,Windows,NVIDIA GeForce RTX 3050,N/A,N/A,N/A,Yes,French,N/A,N/A,N/A,3 Year,"3 year (3/3/3) limited warranty includes 3 years of parts, labor and on-site repair.",desktop,,N/A,https://www.directdial.com/ca/item/hp-elite-mini-800-g9-desktop-computer/a12gsut-abc,09/15/2024,09/17/2024,1
A98XTUT#ABC,20,1033.0,1239.0,200.0,206.0,Elite Mini 805 G8,HP,Desktop Computer,Tiny,AMD Ryzen 5 PRO 5650GE,0,DDR4,256,Windows,Integrated,N/A,N/A,N/A,Yes,French,N/A,N/A,N/A,3 Year,"3 year (3/3/3) limited warranty includes 3 years of parts, labor and on-site repair.",desktop,,N/A,https://www.directdial.com/ca/item/hp-elite-mini-805-g8-desktop-computer/a98xtut-abc,09/15/2024,09/17/2024,1
A98XTUT#ABA,466,1033.0,1239.0,200.0,206.0,Elite Mini 805 G8,HP,Desktop Computer,Tiny,AMD Ryzen 5 PRO 5650GE,0,DDR4,256,Windows,Integrated,N/A,N/A,N/A,Yes,English,N/A,N/A,N/A,3 Year,"3 year (3/3/3) limited warranty includes 3 years of parts, labor and on-site repair.",desktop,,N/A,https://www.directdial.com/ca/item/hp-elite-mini-805-g8-desktop-computer/a98xtut-aba,09/15/2024,09/17/2024,1
12RQ000KUS,1,1206.0,1199.0,0.0,0,ThinkCentre M75q Gen 5,Lenovo,Desktop Computer,Tiny,AMD Ryzen 5 PRO 8500GE,0,DDR5,512,Windows,Integrated,N/A,N/A,N/A,Yes,English,N/A,N/A,N/A,3 Year,"3-year, Onsite",desktop,,N/A,https://www.directdial.com/ca/item/lenovo-thinkcentre-m75q-gen-5-12rq000kus-desktop-computer/12rq000kus,09/15/2024,09/17/2024,1
A12GMUT#ABA,2,1737.0,1719.0,0.0,0,Elite Mini 800 G9,HP,Desktop Computer,Tiny,Intel Core i5-14500T,0,DDR5,512,Windows,Integrated,N/A,N/A,N/A,Yes,English,N/A,N/A,N/A,3 Year,"3 year (3/3/3) limited warranty includes 3 years of parts, labor and on-site repair.",desktop,,N/A,https://www.directdial.com/ca/item/hp-elite-mini-800-g9-desktop-computer/a12gmut-aba,09/15/2024,09/17/2024,1
11R80051US,130,1125.0,1119.0,0.0,0,ThinkCentre M75s Gen 2,Lenovo,Desktop Computer,SFF,AMD Ryzen 5 PRO 5650G,0,DDR4,256,Windows,Integrated,N/A,N/A,N/A,Yes,English,N/A,N/A,N/A,3 Year,"3-year, Onsite",desktop,,N/A,https://www.directdial.com/ca/item/lenovo-thinkcentre-m75s-gen-2-11r80051us-desktop-computer/11r80051us,09/15/2024,09/17/2024,1
PX86J,23,1992.0,3115.04,0.0,1000.0,OptiPlex 7000 7020 Plus,Dell,Desktop Computer,SFF,Intel Core i7-14700,0,DDR5,512,Windows,Integrated,N/A,N/A,N/A,No,English (US),N/A,N/A,2024,3 Year,3Y Basic Onsite Service after remote diagnosis with Hardware-Only Support-Disti SnS,desktop,,N/A,https://www.directdial.com/ca/item/dell-optiplex-7000-7020-plus-desktop-computer/px86j,09/15/2024,09/17/2024,1
A98XPUT#ABA,340,1114.0,1319.0,200.0,205.0,Elite Mini 805 G8,HP,Desktop Computer,Tiny,AMD Ryzen 5 PRO 5650GE,0,DDR4,256,Windows,Integrated,N/A,N/A,N/A,Yes,English,N/A,N/A,N/A,3 Year,"3 year (3/3/3) limited warranty includes 3 years of parts, labor and on-site repair.",desktop,,N/A,https://www.directdial.com/ca/item/hp-elite-mini-805-g8-desktop-computer/a98xput-aba,09/15/2024,09/17/2024,1
12U3000UUS,15,1406.0,1399.0,0.0,0,ThinkCentre M70s Gen 5,Lenovo,Desktop Computer,SFF,Intel Core i5-14400,0,DDR5,512,Windows,Integrated,N/A,N/A,N/A,Yes,English,N/A,N/A,N/A,3 Year,"3-year, Onsite",desktop,,N/A,https://www.directdial.com/ca/item/lenovo-thinkcentre-m70s-gen-5-12u3000uus-desktop-computer/12u3000uus,09/15/2024,09/17/2024,1
12TD001RUS,75,1254.0,1279.0,0.0,25.0,ThinkCentre M70q Gen 5,Lenovo,Desktop Computer,Tiny,Intel Core i5-14400T,0,DDR5,512,Windows,Integrated,N/A,N/A,N/A,Yes,English,N/A,N/A,N/A,3 Year,"3-year, Onsite",desktop,,N/A,https://www.directdial.com/ca/item/lenovo-thinkcentre-m70q-gen-5-12td001rus-desktop-computer/12td001rus,09/15/2024,09/17/2024,1
A12GVUT#ABC,20,1835.0,2089.0,250.0,254.0,Elite Mini 800 G9,HP,Desktop Computer,Tiny,Intel Core i7-14700T,0,DDR5,512,Windows,Integrated,N/A,N/A,N/A,Yes,French,N/A,N/A,N/A,3 Year,"3 year (3/3/3) limited warranty includes 3 years of parts, labor and on-site repair.",desktop,,N/A,https://www.directdial.com/ca/item/hp-elite-mini-800-g9-desktop-computer/a12gvut-abc,09/15/2024,09/17/2024,1
A98XYUT#ABA,198,1741.0,1699.0,0.0,0,Elite Mini 805 G8,HP,Desktop Computer,Tiny,AMD Ryzen 7 PRO 5750GE,0,DDR4,512,Windows,Integrated,N/A,N/A,N/A,Yes,English,N/A,N/A,N/A,3 Year,"3 year (3/3/3) limited warranty includes 3 years of parts, labor and on-site repair.",desktop,,N/A,https://www.directdial.com/ca/item/hp-elite-mini-805-g8-desktop-computer/a98xyut-aba,09/15/2024,09/17/2024,1
A12GLUT#ABA,29,1636.0,1619.0,0.0,0,Elite Mini 800 G9,HP,Desktop Computer,Tiny,Intel Core i5-14500T,0,DDR5,256,Windows,Integrated,N/A,N/A,N/A,Yes,English,N/A,N/A,N/A,3 Year,"3 year (3/3/3) limited warranty includes 3 years of parts, labor and on-site repair.",desktop,,N/A,https://www.directdial.com/ca/item/hp-elite-mini-800-g9-desktop-computer/a12glut-aba,09/15/2024,09/17/2024,1
625D9,1,3355.0,5247.0,0.0,2000.0,OptiPlex 7000 7020 Plus,Dell,Desktop Computer,Tower,Intel Core i9-14900,0,DDR5,1000,Windows,Integrated,N/A,N/A,N/A,Yes,English (US),N/A,N/A,N/A,3 Year,3Y Basic Onsite Service after remote diagnosis with Hardware-Only Support-Disti SnS,desktop,,N/A,https://www.directdial.com/ca/item/dell-optiplex-7000-7020-plus-desktop-computer/625d9,09/15/2024,09/17/2024,1
K9Y04,2,3219.0,5033.13,0.0,2000.0,OptiPlex 7000 7020 Plus,Dell,Desktop Computer,SFF,Intel Core i9-14900,0,DDR5,1000,Windows,Integrated,N/A,N/A,N/A,Yes,English (US),N/A,N/A,N/A,3 Year,3Y Basic Onsite Service after remote diagnosis with Hardware-Only Support-Disti SnS,desktop,,N/A,https://www.directdial.com/ca/item/dell-optiplex-7000-7020-plus-desktop-computer/k9y04,09/15/2024,09/17/2024,1
12U3000WUS,231,1386.0,1379.0,0.0,0,ThinkCentre M70s Gen 5,Lenovo,Desktop Computer,SFF,Intel Core i5-14400,0,DDR5,256,Windows,Integrated,N/A,N/A,N/A,Yes,English,N/A,N/A,N/A,3 Year,"3-year, Onsite",desktop,,N/A,https://www.directdial.com/ca/item/lenovo-thinkcentre-m70s-gen-5-12u3000wus-desktop-computer/12u3000wus,09/15/2024,09/17/2024,1
A12GTUT#ABA,20,1818.0,1799.0,0.0,0,Elite Mini 800 G9,HP,Desktop Computer,Tiny,Intel Core i5-14500T,0,DDR5,512,Windows,Integrated,N/A,N/A,N/A,Yes,English,N/A,N/A,N/A,3 Year,"3 year (3/3/3) limited warranty includes 3 years of parts, labor and on-site repair.",desktop,,N/A,https://www.directdial.com/ca/item/hp-elite-mini-800-g9-desktop-computer/a12gtut-aba,09/15/2024,09/17/2024,1
A12GNUT#ABC,20,1756.0,2009.0,250.0,253.0,Elite Mini 800 G9,HP,Desktop Computer,Tiny,Intel Core i7-14700T,0,DDR5,512,Windows,Integrated,N/A,N/A,N/A,Yes,French,N/A,N/A,N/A,3 Year,"3 year (3/3/3) limited warranty includes 3 years of parts, labor and on-site repair.",desktop,,N/A,https://www.directdial.com/ca/item/hp-elite-mini-800-g9-desktop-computer/a12gnut-abc,09/15/2024,09/17/2024,1
11TN0001CA,4,1474.0,1539.0,0.0,65.0,ThinkCentre M90t Gen 3,Lenovo,Desktop Computer,Tower,Intel Core i5-12500,0,DDR5,256,Windows,Integrated,N/A,N/A,N/A,No,French,N/A,N/A,N/A,3 Year,N/A,desktop,,N/A,https://www.directdial.com/ca/item/lenovo-thinkcentre-m90t-gen-3-11tn0001ca-desktop-computer/11tn0001ca,09/15/2024,09/17/2024,1
A98XYUT#ABC,2,1717.0,1699.0,0.0,0,Elite Mini 805 G8,HP,Desktop Computer,Tiny,AMD Ryzen 7 PRO 5750GE,0,DDR4,512,Windows,Integrated,N/A,N/A,N/A,Yes,French,N/A,N/A,N/A,3 Year,"3 year (3/3/3) limited warranty includes 3 years of parts, labor and on-site repair.",desktop,,N/A,https://www.directdial.com/ca/item/hp-elite-mini-805-g8-desktop-computer/a98xyut-abc,09/15/2024,09/17/2024,1
A98XWUT#ABC,3,1593.0,1619.0,250.0,26.0,Elite Mini 805 G8,HP,Desktop Computer,Tiny,AMD Ryzen 7 PRO 5750GE,0,DDR4,512,Windows,Integrated,N/A,N/A,N/A,Yes,French,N/A,N/A,N/A,3 Year,"3 year (3/3/3) limited warranty includes 3 years of parts, labor and on-site repair.",desktop,,N/A,https://www.directdial.com/ca/item/hp-elite-mini-805-g8-desktop-computer/a98xwut-abc,09/15/2024,09/17/2024,1
12TD001MUS,87,1086.0,1079.0,0.0,0,ThinkCentre M70q Gen 5,Lenovo,Desktop Computer,Tiny,Intel Core i3-14100T,0,DDR5,256,Windows,Integrated,N/A,N/A,N/A,Yes,English,N/A,N/A,N/A,3 Year,"3-year, Onsite",desktop,,N/A,https://www.directdial.com/ca/item/lenovo-thinkcentre-m70q-gen-5-12td001mus-desktop-computer/12td001mus,09/15/2024,09/17/2024,1
A98XPUT#ABC,3,1298.0,1319.0,200.0,21.0,Elite Mini 805 G8,HP,Desktop Computer,Tiny,AMD Ryzen 5 PRO 5650GE,0,DDR4,256,Windows,Integrated,N/A,N/A,N/A,Yes,French,N/A,N/A,N/A,3 Year,"3 year (3/3/3) limited warranty includes 3 years of parts, labor and on-site repair.",desktop,,N/A,https://www.directdial.com/ca/item/hp-elite-mini-805-g8-desktop-computer/a98xput-abc,09/15/2024,09/17/2024,1
12U3000VUS,22,1778.0,1769.0,0.0,0,ThinkCentre M70s Gen 5,Lenovo,Desktop Computer,SFF,Intel Core i7-14700,0,DDR5,512,Windows,Integrated,N/A,N/A,N/A,Yes,English,N/A,N/A,N/A,3 Year,"3-year, Onsite",desktop,,N/A,https://www.directdial.com/ca/item/lenovo-thinkcentre-m70s-gen-5-12u3000vus-desktop-computer/12u3000vus,09/15/2024,09/17/2024,1
12U3000WCA,17,1386.0,1379.0,0.0,0,ThinkCentre M70s Gen 5,Lenovo,Desktop Computer,SFF,Intel Core i5-14400,0,DDR5,256,Windows,Integrated,N/A,N/A,N/A,Yes,French,N/A,N/A,N/A,3 Year,"3-year, Onsite",desktop,,N/A,https://www.directdial.com/ca/item/lenovo-thinkcentre-m70s-gen-5-12u3000wca-desktop-computer/12u3000wca,09/15/2024,09/17/2024,1
12U3000UCA,10,1406.0,1399.0,0.0,0,ThinkCentre M70s Gen 5,Lenovo,Desktop Computer,SFF,Intel Core i5-14400,0,DDR5,512,Windows,Integrated,N/A,N/A,N/A,Yes,French,N/A,N/A,N/A,3 Year,"3-year, Onsite",desktop,,N/A,https://www.directdial.com/ca/item/lenovo-thinkcentre-m70s-gen-5-12u3000uca-desktop-computer/12u3000uca,09/15/2024,09/17/2024,1
12TD001UUS,76,1224.0,1249.0,0.0,25.0,ThinkCentre M70q Gen 5,Lenovo,Desktop Computer,Tiny,Intel Core i5-14400T,0,DDR5,256,Windows,Integrated,N/A,N/A,N/A,Yes,English,N/A,N/A,N/A,3 Year,"3-year, Onsite",desktop,,N/A,https://www.directdial.com/ca/item/lenovo-thinkcentre-m70q-gen-5-12td001uus-desktop-computer/12td001uus,09/15/2024,09/17/2024,1
12U3000VCA,6,1778.0,1769.0,0.0,0,ThinkCentre M70s Gen 5,Lenovo,Desktop Computer,SFF,Intel Core i7-14700,0,DDR5,512,Windows,Integrated,N/A,N/A,N/A,Yes,French,N/A,N/A,N/A,3 Year,"3-year, Onsite",desktop,,N/A,https://www.directdial.com/ca/item/lenovo-thinkcentre-m70s-gen-5-12u3000vca-desktop-computer/12u3000vca,09/15/2024,09/17/2024,1
AZ5P4UT#ABA,88,1960.0,1939.0,0.0,0,Elite 805 G9,HP,Desktop Computer,SFF,AMD Ryzen 7 8700G,0,DDR5,512,Windows,Integrated,N/A,N/A,N/A,N/A,English,N/A,N/A,N/A,N/A,N/A,desktop,,N/A,https://www.directdial.com/ca/item/hp-elite-805-g9-desktop-computer/az5p4ut-aba,09/15/2024,09/17/2024,1
AZ5P3UT#ABA,149,1878.0,1859.0,0.0,0,Elite 805 G9,HP,Desktop Computer,SFF,AMD Ryzen 7 8700G,0,DDR5,512,Windows,Integrated,N/A,N/A,N/A,N/A,English,N/A,N/A,N/A,N/A,N/A,desktop,,N/A,https://www.directdial.com/ca/item/hp-elite-805-g9-desktop-computer/az5p3ut-aba,09/15/2024,09/17/2024,1
AZ5P1UT#ABA,120,1677.0,1659.0,0.0,0,Elite 805 G9,HP,Desktop Computer,SFF,AMD Ryzen 5 8600G,0,DDR5,512,Windows,Integrated,N/A,N/A,N/A,N/A,English,N/A,N/A,N/A,N/A,N/A,desktop,,N/A,https://www.directdial.com/ca/item/hp-elite-805-g9-desktop-computer/az5p1ut-aba,09/15/2024,09/17/2024,1
AZ5P0UT#ABA,242,1607.0,1589.0,0.0,0,Elite 805 G9,HP,Desktop Computer,SFF,AMD Ryzen 5 8600G,0,DDR5,256,Windows,Integrated,N/A,N/A,N/A,N/A,English,N/A,N/A,N/A,N/A,N/A,desktop,,N/A,https://www.directdial.com/ca/item/hp-elite-805-g9-desktop-computer/az5p0ut-aba,09/15/2024,09/17/2024,1
